Title,First name,Surname,Full name,Company name,Job title,Address 1,Address 2,Address 3,Address 4,Address 5,Address 6,Telephone,Direct line,Mobile,Facsimile,Email address,Extra info,Notes,Customer Address ID,Customer Import ID,Custom 1,Custom 2,Custom 3,Custom 4,Custom 5,Custom 6,Custom 7,Custom 8,Custom 9,Custom 10,Use For Proof
Mr,Alpha,bet,Mr Alpha-bet,,,Avis House,Park Road,Bracknell,Berkshire,RG12 2EW,,,,,,,,,,,A
Mr,Beta,bet,Mr Beta-bet,,,Avis House,Park Road,Bracknell,Berkshire,RG12 2EW,,,,,,,,,,,B
Mr,Gamma,bet,Mr Gamma-bet,,,Avis House,Park Road,Bracknell,Berkshire,RG12 2EW,,,,,,,,,,,C
Mr,Delta,bet,Mr Delta-bet,,,Avis House,Park Road,Bracknell,Berkshire,RG12 2EW,,,,,,,,,,,D
Mr,Epsilon,bet,Mr Epsilon-bet,,,Avis House,Park Road,Bracknell,Berkshire,RG12 2EW,,,,,,,,,,,E
Mr,Zeta,bet,Mr Zeta-bet,,,Avis House,Park Road,Bracknell,Berkshire,RG12 2EW,,,,,,,,,,,F
Mr,Eta,bet,Mr Eta-bet,,,Avis House,Park Road,Bracknell,Berkshire,RG12 2EW,,,,,,,,,,,G
Mr,Theta,bet,Mr Theta-bet,,,Avis House,Park Road,Bracknell,Berkshire,RG12 2EW,,,,,,,,,,,H
Mr,Iota,bet,Mr Iota-bet,,,Avis House,Park Road,Bracknell,Berkshire,RG12 2EW,,,,,,,,,,,I
Mr,Kappa,bet,Mr Kappa-bet,,,Avis House,Park Road,Bracknell,Berkshire,RG12 2EW,,,,,,,,,,,J
Mr,Lambda,bet,Mr Lambda-bet,,,Avis House,Park Road,Bracknell,Berkshire,RG12 2EW,,,,,,,,,,,K
Mr,Mu,bet,Mr Mu-bet,,,Avis House,Park Road,Bracknell,Berkshire,RG12 2EW,,,,,,,,,,,L
Mr,Nu,bet,Mr Nu-bet,,,Avis House,Park Road,Bracknell,Berkshire,RG12 2EW,,,,,,,,,,,M
Mr,Xi,bet,Mr Xi-bet,,,Avis House,Park Road,Bracknell,Berkshire,RG12 2EW,,,,,,,,,,,N
Mr,Omicron,bet,Mr Omicron-bet,,,Avis House,Park Road,Bracknell,Berkshire,RG12 2EW,,,,,,,,,,,O
Mr,Pi,bet,Mr Pi-bet,,,Avis House,Park Road,Bracknell,Berkshire,RG12 2EW,,,,,,,,,,,P
Mr,Rho,bet,Mr Rho-bet,,,Avis House,Park Road,Bracknell,Berkshire,RG12 2EW,,,,,,,,,,,Q
Mr,Sigma,bet,Mr Sigma-bet,,,Avis House,Park Road,Bracknell,Berkshire,RG12 2EW,,,,,,,,,,,R
Mr,Tau,bet,Mr Tau-bet,,,Avis House,Park Road,Bracknell,Berkshire,RG12 2EW,,,,,,,,,,,S
Mr,Upsilon,bet,Mr Upsilon-bet,,,Avis House,Park Road,Bracknell,Berkshire,RG12 2EW,,,,,,,,,,,T
Mr,Phi,bet,Mr Phi-bet,,,Avis House,Park Road,Bracknell,Berkshire,RG12 2EW,,,,,,,,,,,U
Mr,Chi,bet,Mr Chi-bet,,,Avis House,Park Road,Bracknell,Berkshire,RG12 2EW,,,,,,,,,,,V
Mr,Psi,bet,Mr Psi-bet,,,Avis House,Park Road,Bracknell,Berkshire,RG12 2EW,,,,,,,,,,,W
Mr,Omega,bet,Mr Omega-bet,,,Avis House,Park Road,Bracknell,Berkshire,RG12 2EW,,,,,,,,,,,X
